fpr_target,tier_code,tier,random_mean,random_sd,exact_dedup_mean,exact_dedup_sd,endpoint_heldout_mean,endpoint_heldout_sd,relative_inflation_pct
0.001,T1_logreg,LR,0.2653,0.0023,0.2796,0.0158,0.2198,0.0495,-5.4
0.001,T2_tree_d4,DT,0.4246,0.0097,0.4103,0.0086,0.1972,0.0709,3.4
0.001,T3_lgbm_50x8,GBDT-S,0.5968,0.0078,0.4255,0.0422,0.2843,0.083,28.7
0.001,T4_lgbm_200x31,GBDT-M,0.7382,0.0135,0.5659,0.0274,0.5186,0.3633,23.3
0.001,T4f_lgbm_200x31_full,GBDT-M+,0.7647,0.0091,0.5951,0.0606,0.4591,0.2374,22.2
0.001,T5_lgbm_800x127,GBDT-L,0.7319,0.0059,0.5394,0.0481,0.4961,0.3442,26.3
0.001,T6_tfidf_lr,TFIDF-LR,0.7014,0.0177,0.2945,0.0183,0.5316,0.2637,58.0
0.01,T1_logreg,LR,0.3629,0.0055,0.403,0.003,0.3322,0.1257,-11.0
0.01,T2_tree_d4,DT,0.457,0.0205,0.4884,0.0022,0.5159,0.3439,-6.9
0.01,T3_lgbm_50x8,GBDT-S,0.7115,0.0058,0.6101,0.0196,0.5516,0.3759,14.3
0.01,T4_lgbm_200x31,GBDT-M,0.7999,0.0076,0.6685,0.009,0.5897,0.373,16.4
0.01,T4f_lgbm_200x31_full,GBDT-M+,0.8197,0.0057,0.703,0.0138,0.6194,0.3474,14.2
0.01,T5_lgbm_800x127,GBDT-L,0.8427,0.007,0.6856,0.015,0.6058,0.3481,18.6
0.01,T6_tfidf_lr,TFIDF-LR,0.7535,0.0113,0.9177,0.0168,0.8392,0.224,-21.8
