protocol,seed_or_endpoint,exact_overlap,endpoint_overlap,tier_code,tier,auc,recall_fpr0.001,recall_fpr0.01
random,42,0.600,0.982,T1_logreg,LR,0.8488,0.2645,0.3649
random,42,0.600,0.982,T2_tree_d4,DT,0.8623,0.4179,0.4588
random,42,0.600,0.982,T3_lgbm_50x8,GBDT-S,0.9680,0.5889,0.7125
random,42,0.600,0.982,T4_lgbm_200x31,GBDT-M,0.9800,0.7391,0.8057
random,42,0.600,0.982,T5_lgbm_800x127,GBDT-L,0.9834,0.7289,0.8502
random,42,0.600,0.982,T4f_lgbm_200x31_full,GBDT-M+,0.9812,0.7552,0.8255
random,42,0.600,0.982,T6_tfidf_lr,TFIDF-LR,0.9194,0.7205,0.7626
random,1,0.590,0.983,T1_logreg,LR,0.8504,0.2635,0.3567
random,1,0.590,0.983,T2_tree_d4,DT,0.8619,0.4203,0.4766
random,1,0.590,0.983,T3_lgbm_50x8,GBDT-S,0.9663,0.5972,0.7052
random,1,0.590,0.983,T4_lgbm_200x31,GBDT-M,0.9790,0.7243,0.7913
random,1,0.590,0.983,T5_lgbm_800x127,GBDT-L,0.9815,0.7387,0.8364
random,1,0.590,0.983,T4f_lgbm_200x31_full,GBDT-M+,0.9800,0.7656,0.8141
random,1,0.590,0.983,T6_tfidf_lr,TFIDF-LR,0.9178,0.6980,0.7570
random,2,0.604,0.984,T1_logreg,LR,0.8550,0.2679,0.3672
random,2,0.604,0.984,T2_tree_d4,DT,0.8628,0.4357,0.4357
random,2,0.604,0.984,T3_lgbm_50x8,GBDT-S,0.9653,0.6044,0.7167
random,2,0.604,0.984,T4_lgbm_200x31,GBDT-M,0.9787,0.7512,0.8027
random,2,0.604,0.984,T5_lgbm_800x127,GBDT-L,0.9828,0.7281,0.8416
random,2,0.604,0.984,T4f_lgbm_200x31_full,GBDT-M+,0.9801,0.7734,0.8195
random,2,0.604,0.984,T6_tfidf_lr,TFIDF-LR,0.9121,0.6856,0.7409
exact_dedup,42,0.000,0.933,T1_logreg,LR,0.8000,0.2618,0.4040
exact_dedup,42,0.000,0.933,T2_tree_d4,DT,0.7901,0.4018,0.4898
exact_dedup,42,0.000,0.933,T3_lgbm_50x8,GBDT-S,0.9122,0.4071,0.6176
exact_dedup,42,0.000,0.933,T4_lgbm_200x31,GBDT-M,0.9403,0.5938,0.6649
exact_dedup,42,0.000,0.933,T5_lgbm_800x127,GBDT-L,0.9654,0.5650,0.6759
exact_dedup,42,0.000,0.933,T4f_lgbm_200x31_full,GBDT-M+,0.9520,0.5293,0.7097
exact_dedup,42,0.000,0.933,T6_tfidf_lr,TFIDF-LR,0.9860,0.2991,0.8985
exact_dedup,1,0.000,0.938,T1_logreg,LR,0.8049,0.2850,0.3996
exact_dedup,1,0.000,0.938,T2_tree_d4,DT,0.7901,0.4190,0.4895
exact_dedup,1,0.000,0.938,T3_lgbm_50x8,GBDT-S,0.9172,0.3956,0.5878
exact_dedup,1,0.000,0.938,T4_lgbm_200x31,GBDT-M,0.9428,0.5650,0.6618
exact_dedup,1,0.000,0.938,T5_lgbm_800x127,GBDT-L,0.9662,0.4839,0.6780
exact_dedup,1,0.000,0.938,T4f_lgbm_200x31_full,GBDT-M+,0.9522,0.6073,0.6871
exact_dedup,1,0.000,0.938,T6_tfidf_lr,TFIDF-LR,0.9897,0.3101,0.9251
exact_dedup,2,0.000,0.935,T1_logreg,LR,0.8051,0.2919,0.4053
exact_dedup,2,0.000,0.935,T2_tree_d4,DT,0.7836,0.4100,0.4858
exact_dedup,2,0.000,0.935,T3_lgbm_50x8,GBDT-S,0.9128,0.4738,0.6248
exact_dedup,2,0.000,0.935,T4_lgbm_200x31,GBDT-M,0.9439,0.5390,0.6787
exact_dedup,2,0.000,0.935,T5_lgbm_800x127,GBDT-L,0.9684,0.5694,0.7028
exact_dedup,2,0.000,0.935,T4f_lgbm_200x31_full,GBDT-M+,0.9505,0.6486,0.7122
exact_dedup,2,0.000,0.935,T6_tfidf_lr,TFIDF-LR,0.9886,0.2744,0.9295
endpoint_heldout,editar.jsp,0.000,0.000,T1_logreg,LR,0.7067,0.1669,0.2686
endpoint_heldout,editar.jsp,0.000,0.000,T2_tree_d4,DT,0.5742,0.1424,0.9802
endpoint_heldout,editar.jsp,0.000,0.000,T3_lgbm_50x8,GBDT-S,0.6748,0.2304,0.2776
endpoint_heldout,editar.jsp,0.000,0.000,T4_lgbm_200x31,GBDT-M,0.6850,0.2491,0.3457
endpoint_heldout,editar.jsp,0.000,0.000,T5_lgbm_800x127,GBDT-L,0.6806,0.2942,0.4124
endpoint_heldout,editar.jsp,0.000,0.000,T4f_lgbm_200x31_full,GBDT-M+,0.7133,0.3161,0.3937
endpoint_heldout,editar.jsp,0.000,0.000,T6_tfidf_lr,TFIDF-LR,0.8281,0.3050,0.5245
endpoint_heldout,anadir.jsp,0.000,0.000,T1_logreg,LR,0.7689,0.2953,0.5542
endpoint_heldout,anadir.jsp,0.000,0.000,T2_tree_d4,DT,0.4253,0.1548,0.7886
endpoint_heldout,anadir.jsp,0.000,0.000,T3_lgbm_50x8,GBDT-S,0.6926,0.4267,1.0000
endpoint_heldout,anadir.jsp,0.000,0.000,T4_lgbm_200x31,GBDT-M,0.7637,0.8761,0.9978
endpoint_heldout,anadir.jsp,0.000,0.000,T5_lgbm_800x127,GBDT-L,0.7486,0.9517,0.9996
endpoint_heldout,anadir.jsp,0.000,0.000,T4f_lgbm_200x31_full,GBDT-M+,0.7585,0.5384,1.0000
endpoint_heldout,anadir.jsp,0.000,0.000,T6_tfidf_lr,TFIDF-LR,0.9017,0.5380,0.9978
endpoint_heldout,autenticar.jsp,0.000,0.000,T1_logreg,LR,0.8077,0.2382,0.2885
endpoint_heldout,autenticar.jsp,0.000,0.000,T2_tree_d4,DT,0.6144,0.2724,0.2982
endpoint_heldout,autenticar.jsp,0.000,0.000,T3_lgbm_50x8,GBDT-S,0.7235,0.2749,0.9245
endpoint_heldout,autenticar.jsp,0.000,0.000,T4_lgbm_200x31,GBDT-M,0.7337,0.9544,0.9978
endpoint_heldout,autenticar.jsp,0.000,0.000,T5_lgbm_800x127,GBDT-L,0.7439,0.7805,0.9695
endpoint_heldout,autenticar.jsp,0.000,0.000,T4f_lgbm_200x31_full,GBDT-M+,0.7459,0.8423,0.9950
endpoint_heldout,autenticar.jsp,0.000,0.000,T6_tfidf_lr,TFIDF-LR,0.8888,0.5778,0.9982
endpoint_heldout,pagar.jsp,0.000,0.000,T1_logreg,LR,0.8758,0.1921,0.2481
endpoint_heldout,pagar.jsp,0.000,0.000,T2_tree_d4,DT,0.8346,0.2767,0.2774
endpoint_heldout,pagar.jsp,0.000,0.000,T3_lgbm_50x8,GBDT-S,0.5261,0.2692,0.2887
endpoint_heldout,pagar.jsp,0.000,0.000,T4_lgbm_200x31,GBDT-M,0.7167,0.2662,0.2932
endpoint_heldout,pagar.jsp,0.000,0.000,T5_lgbm_800x127,GBDT-L,0.7363,0.2331,0.3038
endpoint_heldout,pagar.jsp,0.000,0.000,T4f_lgbm_200x31_full,GBDT-M+,0.7689,0.2789,0.3038
endpoint_heldout,pagar.jsp,0.000,0.000,T6_tfidf_lr,TFIDF-LR,0.9424,0.9421,0.9977
endpoint_heldout,registro.jsp,0.000,0.000,T1_logreg,LR,0.6843,0.2064,0.3017
endpoint_heldout,registro.jsp,0.000,0.000,T2_tree_d4,DT,0.6103,0.1395,0.2352
endpoint_heldout,registro.jsp,0.000,0.000,T3_lgbm_50x8,GBDT-S,0.6811,0.2204,0.2672
endpoint_heldout,registro.jsp,0.000,0.000,T4_lgbm_200x31,GBDT-M,0.6763,0.2470,0.3139
endpoint_heldout,registro.jsp,0.000,0.000,T5_lgbm_800x127,GBDT-L,0.6750,0.2211,0.3438
endpoint_heldout,registro.jsp,0.000,0.000,T4f_lgbm_200x31_full,GBDT-M+,0.7094,0.3200,0.4045
endpoint_heldout,registro.jsp,0.000,0.000,T6_tfidf_lr,TFIDF-LR,0.8413,0.2949,0.6778
